tag-id,animal-id,animal-taxon,deploy-on-date,deploy-off-date,animal-comments,animal-life-stage,animal-reproductive-condition,animal-sex,attachment-type,data-processing-software,deployment-end-type,deployment-id,duty-cycle,manipulation-comments,manipulation-type,study-site,tag-manufacturer-name,tag-mass,tag-model,tag-readout-method
CornwallLolaTag,CornwallLola,Felis catus,,,,,,,collar,@Trip PC,removal,CornwallLola,3-min fixes,,manipulated other,New Zealand,"Mobile Action Technology, Inc.",119.0,i-GotU,tag retreival
Gingernut,Gingernut,Felis catus,2015-03-13 12:04:07.000,2015-03-21 11:32:43.000,Hunt: Yes; prey_p_month: 11,2 years,Neutered,m,collar,@Trip PC,removal,Gingernut,3-min fixes,hrs_indoors: 2; inside_overnight: no,manipulated other,New Zealand,"Mobile Action Technology, Inc.",119.0,i-GotU,tag retreival
TabithaTag,Tabitha,Felis catus,2015-04-08 12:01:55.000,2015-04-16 05:00:22.000,Hunt: Yes; prey_p_month: 1,1 year,Spayed,f,collar,@Trip PC,removal,Tabitha,3-min fixes,hrs_indoors: 10; inside_overnight: no,manipulated other,New Zealand,"Mobile Action Technology, Inc.",119.0,i-GotU,tag retreival
KittyTag,Kitty,Felis catus,2015-04-08 12:02:40.000,2015-04-12 22:53:06.000,Hunt: Yes; prey_p_month: 1,14 years,Spayed,f,collar,@Trip PC,removal,Kitty,3-min fixes,hrs_indoors: 8; inside_overnight: no,manipulated other,New Zealand,"Mobile Action Technology, Inc.",119.0,i-GotU,tag retreival
MurphyTag,Murphy,Felis catus,2015-04-08 12:03:10.000,2015-04-12 15:48:30.000,Hunt: Yes; prey_p_month: 2,5 years,Neutered,m,collar,@Trip PC,removal,Murphy,3-min fixes,hrs_indoors: 8; inside_overnight: no,manipulated other,New Zealand,"Mobile Action Technology, Inc.",119.0,i-GotU,tag retreival
PandaTag,Panda,Felis catus,2015-04-08 14:47:26.000,2015-04-14 19:18:52.000,Hunt: Yes; prey_p_month: 1,3 years,Spayed,f,collar,@Trip PC,removal,Panda,3-min fixes,hrs_indoors: 10; inside_overnight: yes,manipulated other,New Zealand,"Mobile Action Technology, Inc.",119.0,i-GotU,tag retreival
BootsIITag,BootsII,Felis catus,2015-04-09 00:02:06.000,2015-04-16 10:13:59.000,Hunt: ; prey_p_month:,,, ,collar,@Trip PC,removal,BootsII,3-min fixes,hrs_indoors: ; inside_overnight:,manipulated other,New Zealand,"Mobile Action Technology, Inc.",119.0,i-GotU,tag retreival
GarfieldTag,Garfield,Felis catus,2015-04-09 00:19:26.000,2015-04-12 19:00:58.000,Hunt: ; prey_p_month:,,,m,collar,@Trip PC,removal,Garfield,3-min fixes,hrs_indoors: ; inside_overnight:,manipulated other,New Zealand,"Mobile Action Technology, Inc.",119.0,i-GotU,tag retreival
GeordieTag,Geordie,Felis catus,2015-04-09 12:01:06.000,2015-04-15 22:31:52.000,Hunt: Yes; prey_p_month: 1,,Spayed,f,collar,@Trip PC,removal,Geordie,3-min fixes,hrs_indoors: 12; inside_overnight: no,manipulated other,New Zealand,"Mobile Action Technology, Inc.",119.0,i-GotU,tag retreival
FritzTag,Fritz,Felis catus,2015-04-09 12:01:43.000,2015-04-15 19:07:03.000,Hunt: Yes; prey_p_month: 5,7 years,Neutered,m,collar,@Trip PC,removal,Fritz,3-min fixes,hrs_indoors: 12; inside_overnight: yes,manipulated other,New Zealand,"Mobile Action Technology, Inc.",119.0,i-GotU,tag retreival
BanzaiTag,Banzai,Felis catus,2015-04-10 00:02:32.000,2015-04-18 14:25:50.000,Hunt: Yes; prey_p_month: 1,3 years,Neutered,m,collar,@Trip PC,removal,Banzai,3-min fixes,hrs_indoors: 15; inside_overnight: yes,manipulated other,New Zealand,"Mobile Action Technology, Inc.",119.0,i-GotU,tag retreival
NekoTag,Neko,Felis catus,2015-04-10 01:03:41.000,2015-04-15 19:11:28.000,Hunt: Yes; prey_p_month: 1,2 years,Neutered,m,collar,@Trip PC,removal,Neko,3-min fixes,hrs_indoors: 5; inside_overnight: no,manipulated other,New Zealand,"Mobile Action Technology, Inc.",119.0,i-GotU,tag retreival
MogadonTag,Mogadon,Felis catus,2015-04-10 01:04:05.000,2015-04-15 16:17:19.000,Hunt: No; prey_p_month:,9 years,Spayed,f,collar,@Trip PC,removal,Mogadon,3-min fixes,hrs_indoors: 23; inside_overnight: no,manipulated other,New Zealand,"Mobile Action Technology, Inc.",119.0,i-GotU,tag retreival
SkyTag,Sky,Felis catus,2015-04-13 18:02:18.000,2015-04-20 22:08:26.000,Hunt: Yes; prey_p_month: 2,6 years,Neutered,m,collar,@Trip PC,removal,Sky,3-min fixes,hrs_indoors: 18; inside_overnight: no,manipulated other,New Zealand,"Mobile Action Technology, Inc.",119.0,i-GotU,tag retreival
PussumsTag,Pussums,Felis catus,2015-04-16 18:03:12.000,2015-04-23 21:40:58.000,Hunt: Yes; prey_p_month: 21,5 years,Neutered,m,collar,@Trip PC,removal,Pussums,3-min fixes,hrs_indoors: 4; inside_overnight: no,manipulated other,New Zealand,"Mobile Action Technology, Inc.",119.0,i-GotU,tag retreival
SmudgeTag,Smudge,Felis catus,2015-04-17 13:00:17.000,2015-04-24 16:57:44.000,Hunt: Yes; prey_p_month: 3,4 years,Neutered,m,collar,@Trip PC,removal,Smudge,3-min fixes,hrs_indoors: 10; inside_overnight: no,manipulated other,New Zealand,"Mobile Action Technology, Inc.",119.0,i-GotU,tag retreival
TacoTag,Taco,Felis catus,2015-04-17 13:01:41.000,2015-04-26 13:38:15.000,Hunt: Yes; prey_p_month: 5,1 year,Neutered,m,collar,@Trip PC,removal,Taco,3-min fixes,hrs_indoors: 8; inside_overnight: no,manipulated other,New Zealand,"Mobile Action Technology, Inc.",119.0,i-GotU,tag retreival
BlackieTag,Blackie,Felis catus,2015-04-17 13:01:47.000,2015-04-21 20:59:45.000,Hunt: Yes; prey_p_month: 3,9 years,Neutered,m,collar,@Trip PC,removal,Blackie,3-min fixes,hrs_indoors: ; inside_overnight: no,manipulated other,New Zealand,"Mobile Action Technology, Inc.",119.0,i-GotU,tag retreival
TiggerTag,Tigger,Felis catus,2015-04-18 00:02:03.000,2015-04-26 03:01:48.000,Hunt: Yes; prey_p_month: 11,6 years,Neutered,m,collar,@Trip PC,removal,Tigger,3-min fixes,hrs_indoors: 8; inside_overnight: no,manipulated other,New Zealand,"Mobile Action Technology, Inc.",119.0,i-GotU,tag retreival
SpecklesTag,Speckles1,Felis catus,2015-04-18 00:02:32.000,2015-04-23 06:43:01.000,Hunt: Yes; prey_p_month: 7,0.8 years,Spayed,f,collar,@Trip PC,removal,Speckles1,3-min fixes,hrs_indoors: 6; inside_overnight: no,manipulated other,New Zealand,"Mobile Action Technology, Inc.",119.0,i-GotU,tag retreival
MuffinTag,Muffin,Felis catus,2015-04-18 01:02:26.000,2015-04-25 06:55:06.000,Hunt: unk; prey_p_month:,9 years,Spayed,f,collar,@Trip PC,removal,Muffin,3-min fixes,hrs_indoors: 15; inside_overnight: yes,manipulated other,New Zealand,"Mobile Action Technology, Inc.",119.0,i-GotU,tag retreival
MollyTag,Molly,Felis catus,2015-04-20 12:20:56.000,2015-04-26 22:53:16.000,Hunt: No; prey_p_month:,8 years,Spayed,f,collar,@Trip PC,removal,Molly,3-min fixes,hrs_indoors: 12; inside_overnight: no,manipulated other,New Zealand,"Mobile Action Technology, Inc.",119.0,i-GotU,tag retreival
FlossTag,Floss,Felis catus,2015-04-21 00:05:28.000,2015-04-28 04:00:19.000,Hunt: Yes; prey_p_month: 11,1 year,Spayed,f,collar,@Trip PC,removal,Floss,3-min fixes,hrs_indoors: 12; inside_overnight: no,manipulated other,New Zealand,"Mobile Action Technology, Inc.",119.0,i-GotU,tag retreival
JinxTag,Jinx,Felis catus,2015-04-29 12:00:56.000,2015-05-05 20:32:15.000,Hunt: Yes; prey_p_month: 1,8 years,Neutered,m,collar,@Trip PC,removal,Jinx,3-min fixes,hrs_indoors: 20; inside_overnight: yes,manipulated other,New Zealand,"Mobile Action Technology, Inc.",119.0,i-GotU,tag retreival
AvaTag,Ava,Felis catus,2015-04-29 12:02:06.000,2015-05-05 18:31:38.000,Hunt: Yes; prey_p_month: 2,2 years,Spayed,f,collar,@Trip PC,removal,Ava,3-min fixes,hrs_indoors: 20; inside_overnight: yes,manipulated other,New Zealand,"Mobile Action Technology, Inc.",119.0,i-GotU,tag retreival
AllieTag,Allie,Felis catus,2015-05-04 00:00:16.000,2015-05-10 23:02:35.000,Hunt: Yes; prey_p_month: 2,8 years,Spayed,f,collar,@Trip PC,removal,Allie,3-min fixes,hrs_indoors: 6; inside_overnight: no,manipulated other,New Zealand,"Mobile Action Technology, Inc.",119.0,i-GotU,tag retreival
JessTag,Jess,Felis catus,2015-05-05 12:01:06.000,2015-05-12 18:46:46.000,Hunt: Yes; prey_p_month: 1,11 years,Spayed,f,collar,@Trip PC,removal,Jess,3-min fixes,hrs_indoors: 12; inside_overnight: no,manipulated other,New Zealand,"Mobile Action Technology, Inc.",119.0,i-GotU,tag retreival
Timmy1Tag,Timmy1,Felis catus,2015-05-05 12:01:36.000,2015-05-12 03:48:52.000,Hunt: Yes; prey_p_month: 6,1 year,Neutered,m,collar,@Trip PC,removal,Timmy1,3-min fixes,hrs_indoors: 12; inside_overnight: no,manipulated other,New Zealand,"Mobile Action Technology, Inc.",119.0,i-GotU,tag retreival
TeddyTag,Teddy,Felis catus,2015-05-05 12:01:53.000,2015-05-12 05:45:09.000,Hunt: No; prey_p_month:,5 years,Neutered,m,collar,@Trip PC,removal,Teddy,3-min fixes,hrs_indoors: 15; inside_overnight: no,manipulated other,New Zealand,"Mobile Action Technology, Inc.",119.0,i-GotU,tag retreival
AresTag,Ares,Felis catus,2015-05-05 12:02:32.000,2015-05-12 23:51:47.000,Hunt: unk; prey_p_month:,14 years,Neutered,m,collar,@Trip PC,removal,Ares,3-min fixes,hrs_indoors: 14; inside_overnight: yes,manipulated other,New Zealand,"Mobile Action Technology, Inc.",119.0,i-GotU,tag retreival
TheoTag,Theo,Felis catus,2015-05-05 13:02:25.000,2015-05-10 20:27:56.000,Hunt: Yes; prey_p_month: 1,5 years,Neutered,m,collar,@Trip PC,removal,Theo,3-min fixes,hrs_indoors: 22; inside_overnight: no,manipulated other,New Zealand,"Mobile Action Technology, Inc.",119.0,i-GotU,tag retreival
NikoTag,Niko,Felis catus,2015-05-05 14:14:23.000,2015-05-11 12:23:23.000,Hunt: Yes; prey_p_month: 21,1 year,Neutered,m,collar,@Trip PC,removal,Niko,3-min fixes,hrs_indoors: 10; inside_overnight: no,manipulated other,New Zealand,"Mobile Action Technology, Inc.",119.0,i-GotU,tag retreival
Barnaby1Tag,Barnaby1,Felis catus,2015-05-17 16:02:34.000,2015-05-18 21:13:41.000,Hunt: ; prey_p_month:,,,m,collar,@Trip PC,removal,Barnaby1,3-min fixes,hrs_indoors: ; inside_overnight:,manipulated other,New Zealand,"Mobile Action Technology, Inc.",119.0,i-GotU,tag retreival
Maximus1Tag,Maximus1,Felis catus,2015-05-18 00:18:52.000,2015-05-24 11:16:50.000,Hunt: unk; prey_p_month:,0.3 years,Neutered,m,collar,@Trip PC,removal,Maximus1,3-min fixes,hrs_indoors: 23; inside_overnight: yes,manipulated other,New Zealand,"Mobile Action Technology, Inc.",119.0,i-GotU,tag retreival
Babs1Tag,Babs1,Felis catus,2015-05-18 12:02:18.000,2015-05-26 03:38:07.000,Hunt: Yes; prey_p_month: 15,0.4 years,Spayed,f,collar,@Trip PC,removal,Babs1,3-min fixes,hrs_indoors: 14; inside_overnight: yes,manipulated other,New Zealand,"Mobile Action Technology, Inc.",119.0,i-GotU,tag retreival
KiriTag,Kiri,Felis catus,2015-05-18 12:47:50.000,2015-05-25 23:41:18.000,Hunt: Yes; prey_p_month: 21,0.8 years,Spayed,f,collar,@Trip PC,removal,Kiri,3-min fixes,hrs_indoors: 12; inside_overnight: yes,manipulated other,New Zealand,"Mobile Action Technology, Inc.",119.0,i-GotU,tag retreival
LucyTag,Lucy,Felis catus,2015-06-09 12:05:52.000,2015-07-07 03:05:25.000,Hunt: No; prey_p_month:,7 years,Spayed,f,collar,@Trip PC,removal,Lucy,3-min fixes,hrs_indoors: 6; inside_overnight: yes,manipulated other,New Zealand,"Mobile Action Technology, Inc.",119.0,i-GotU,tag retreival
SnufflesTag,Snuffles,Felis catus,2015-06-09 18:40:26.000,2015-06-15 21:24:34.000,Hunt: Yes; prey_p_month: 3,,Spayed,f,collar,@Trip PC,removal,Snuffles,3-min fixes,hrs_indoors: 16; inside_overnight: no,manipulated other,New Zealand,"Mobile Action Technology, Inc.",119.0,i-GotU,tag retreival
ZeusTag,Zeus,Felis catus,2015-06-30 00:03:27.000,2015-07-05 07:56:04.000,Hunt: Yes; prey_p_month: 7,1 year,Neutered,m,collar,@Trip PC,removal,Zeus,3-min fixes,hrs_indoors: 10; inside_overnight: no,manipulated other,New Zealand,"Mobile Action Technology, Inc.",119.0,i-GotU,tag retreival
DelphiTag,Delphi,Felis catus,2015-06-30 00:07:07.000,2015-07-06 01:54:41.000,Hunt: Yes; prey_p_month: 4,1 year,Spayed,f,collar,@Trip PC,removal,Delphi,3-min fixes,hrs_indoors: 10; inside_overnight: no,manipulated other,New Zealand,"Mobile Action Technology, Inc.",119.0,i-GotU,tag retreival
HufferTag,Huffer,Felis catus,2015-07-01 00:02:59.000,2015-07-08 12:08:30.000,Hunt: No; prey_p_month:,7 years,Neutered,m,collar,@Trip PC,removal,Huffer,3-min fixes,hrs_indoors: 12; inside_overnight: yes,manipulated other,New Zealand,"Mobile Action Technology, Inc.",119.0,i-GotU,tag retreival
MinnieTag,Minnie,Felis catus,2015-07-01 00:03:34.000,2015-07-07 11:35:01.000,Hunt: ; prey_p_month:,,,f,collar,@Trip PC,removal,Minnie,3-min fixes,hrs_indoors: ; inside_overnight:,manipulated other,New Zealand,"Mobile Action Technology, Inc.",119.0,i-GotU,tag retreival
PoppyTag,Poppy,Felis catus,2015-07-01 12:02:17.000,2015-07-07 11:55:01.000,Hunt: No; prey_p_month:,16 years,Spayed,f,collar,@Trip PC,removal,Poppy,3-min fixes,hrs_indoors: 23; inside_overnight: no,manipulated other,New Zealand,"Mobile Action Technology, Inc.",119.0,i-GotU,tag retreival
MontyTag,Monty,Felis catus,2015-07-02 00:02:14.000,2015-07-08 09:12:15.000,Hunt: No; prey_p_month:,2 years,Neutered,m,collar,@Trip PC,removal,Monty,3-min fixes,hrs_indoors: 16; inside_overnight: no,manipulated other,New Zealand,"Mobile Action Technology, Inc.",119.0,i-GotU,tag retreival
DieselTag,Diesel,Felis catus,2015-07-03 12:02:20.000,2015-07-04 15:11:03.000,Hunt: ; prey_p_month:,,, ,collar,@Trip PC,removal,Diesel,3-min fixes,hrs_indoors: ; inside_overnight:,manipulated other,New Zealand,"Mobile Action Technology, Inc.",119.0,i-GotU,tag retreival
TysonTag,Tyson,Felis catus,2015-07-03 14:56:39.000,2015-07-08 22:17:04.000,Hunt: Yes; prey_p_month: 1,8 years,Neutered,m,collar,@Trip PC,removal,Tyson,3-min fixes,hrs_indoors: 5; inside_overnight: no,manipulated other,New Zealand,"Mobile Action Technology, Inc.",119.0,i-GotU,tag retreival
SophiaTag,Sophia,Felis catus,2015-07-04 00:01:21.000,2015-07-11 19:16:58.000,Hunt: Yes; prey_p_month: 1,3 years,Spayed,f,collar,@Trip PC,removal,Sophia,3-min fixes,hrs_indoors: 10; inside_overnight: no,manipulated other,New Zealand,"Mobile Action Technology, Inc.",119.0,i-GotU,tag retreival
PoppyIITag,PoppyII,Felis catus,2015-07-04 00:01:58.000,2015-07-11 13:38:47.000,Hunt: No; prey_p_month:,15 years,Spayed,f,collar,@Trip PC,removal,PoppyII,3-min fixes,hrs_indoors: 6; inside_overnight: yes,manipulated other,New Zealand,"Mobile Action Technology, Inc.",119.0,i-GotU,tag retreival
YasasTag,Yasas,Felis catus,2015-07-08 00:00:09.000,2015-07-15 01:53:45.000,Hunt: No; prey_p_month:,9 years,Neutered,m,collar,@Trip PC,removal,Yasas,3-min fixes,hrs_indoors: 20; inside_overnight: no,manipulated other,New Zealand,"Mobile Action Technology, Inc.",119.0,i-GotU,tag retreival
MabelTag,Mabel,Felis catus,2015-07-08 00:00:19.000,2015-07-14 13:22:36.000,Hunt: Yes; prey_p_month: 2,3 years,Spayed,f,collar,@Trip PC,removal,Mabel,3-min fixes,hrs_indoors: 14; inside_overnight: no,manipulated other,New Zealand,"Mobile Action Technology, Inc.",119.0,i-GotU,tag retreival
GracieTag,Gracie,Felis catus,2015-07-08 00:00:53.000,2015-07-14 14:01:26.000,Hunt: unk; prey_p_month:,,Spayed,f,collar,@Trip PC,removal,Gracie,3-min fixes,hrs_indoors: ; inside_overnight: yes,manipulated other,New Zealand,"Mobile Action Technology, Inc.",119.0,i-GotU,tag retreival
ColinTag,Colin,Felis catus,2015-07-08 00:01:50.000,2015-07-14 18:15:45.000,Hunt: No; prey_p_month:,3 years,Neutered,m,collar,@Trip PC,removal,Colin,3-min fixes,hrs_indoors: 8; inside_overnight: no,manipulated other,New Zealand,"Mobile Action Technology, Inc.",119.0,i-GotU,tag retreival
MaxTag,Max,Felis catus,2015-07-08 00:01:52.000,2015-07-14 15:58:25.000,Hunt: Yes; prey_p_month: 2,1 year,Neutered,m,collar,@Trip PC,removal,Max,3-min fixes,hrs_indoors: 20; inside_overnight: no,manipulated other,New Zealand,"Mobile Action Technology, Inc.",119.0,i-GotU,tag retreival
PercyTag,Percy,Felis catus,2015-08-08 01:17:57.000,2015-08-17 07:56:52.000,Hunt: Yes; prey_p_month: 3,9 years,Neutered,m,collar,@Trip PC,removal,Percy,3-min fixes,hrs_indoors: 8; inside_overnight: no,manipulated other,New Zealand,"Mobile Action Technology, Inc.",119.0,i-GotU,tag retreival
KaosTag,Kaos,Felis catus,2015-08-15 00:00:17.000,2015-08-21 12:21:41.000,Hunt: Yes; prey_p_month: 3,7 years,Neutered,m,collar,@Trip PC,removal,Kaos,3-min fixes,hrs_indoors: 4; inside_overnight: no,manipulated other,New Zealand,"Mobile Action Technology, Inc.",119.0,i-GotU,tag retreival
OkieTag,Okie,Felis catus,2015-08-15 00:00:19.000,2015-08-22 11:11:59.000,Hunt: Yes; prey_p_month: 6,1 year,Spayed,f,collar,@Trip PC,removal,Okie,3-min fixes,hrs_indoors: 16; inside_overnight: no,manipulated other,New Zealand,"Mobile Action Technology, Inc.",119.0,i-GotU,tag retreival
RiggsTag,Riggs,Felis catus,2015-08-15 00:01:44.000,2015-08-23 10:54:05.000,Hunt: Yes; prey_p_month: 4,1 year,Neutered,m,collar,@Trip PC,removal,Riggs,3-min fixes,hrs_indoors: 14; inside_overnight: no,manipulated other,New Zealand,"Mobile Action Technology, Inc.",119.0,i-GotU,tag retreival
NalaTag,Nala,Felis catus,2015-08-15 00:02:04.000,2015-08-23 07:07:16.000,Hunt: Yes; prey_p_month: 7,1 year,Spayed,f,collar,@Trip PC,removal,Nala,3-min fixes,hrs_indoors: 8; inside_overnight: no,manipulated other,New Zealand,"Mobile Action Technology, Inc.",119.0,i-GotU,tag retreival
AslanTag,Aslan,Felis catus,2015-08-15 00:02:16.000,2015-08-23 13:26:29.000,Hunt: No; prey_p_month:,11 years,Neutered,m,collar,@Trip PC,removal,Aslan,3-min fixes,hrs_indoors: 15; inside_overnight: no,manipulated other,New Zealand,"Mobile Action Technology, Inc.",119.0,i-GotU,tag retreival
MuffinIITag,MuffinII,Felis catus,2015-08-28 00:45:02.000,2015-09-03 05:34:17.000,Hunt: Yes; prey_p_month: 1,4 years,Spayed,f,collar,@Trip PC,removal,MuffinII,3-min fixes,hrs_indoors: 18; inside_overnight: yes,manipulated other,New Zealand,"Mobile Action Technology, Inc.",119.0,i-GotU,tag retreival
SylvesterTag,Sylvester,Felis catus,2015-08-29 00:00:52.000,2015-09-04 08:16:03.000,Hunt: Yes; prey_p_month: 5,7 years,Neutered,m,collar,@Trip PC,removal,Sylvester,3-min fixes,hrs_indoors: 10; inside_overnight: no,manipulated other,New Zealand,"Mobile Action Technology, Inc.",119.0,i-GotU,tag retreival
CharlieTag,Charlie,Felis catus,2015-08-29 00:02:31.000,2015-09-06 00:44:08.000,Hunt: No; prey_p_month:,1 year,Neutered,m,collar,@Trip PC,removal,Charlie,3-min fixes,hrs_indoors: 20; inside_overnight: yes,manipulated other,New Zealand,"Mobile Action Technology, Inc.",119.0,i-GotU,tag retreival
KyroTag,Kyro,Felis catus,2015-08-29 00:04:45.000,2015-09-04 01:28:44.000,Hunt: No; prey_p_month:,11 years,Neutered,m,collar,@Trip PC,removal,Kyro,3-min fixes,hrs_indoors: 12; inside_overnight: no,manipulated other,New Zealand,"Mobile Action Technology, Inc.",119.0,i-GotU,tag retreival
MontyIITag,MontyII,Felis catus,2015-08-29 00:17:14.000,2015-09-03 21:47:11.000,Hunt: Yes; prey_p_month: 1,1 year,Neutered,m,collar,@Trip PC,removal,MontyII,3-min fixes,hrs_indoors: 10; inside_overnight: yes,manipulated other,New Zealand,"Mobile Action Technology, Inc.",119.0,i-GotU,tag retreival
BootsTag,Boots,Felis catus,2015-09-01 18:30:01.000,2015-09-02 07:42:16.000,Hunt: unk; prey_p_month:,2 years,Spayed,f,collar,@Trip PC,removal,Boots,3-min fixes,hrs_indoors: 12; inside_overnight: no,manipulated other,New Zealand,"Mobile Action Technology, Inc.",119.0,i-GotU,tag retreival
Greyskull2Tag,Greyskull2,Felis catus,2015-09-03 12:00:34.000,2015-10-03 12:27:22.000,Hunt: ; prey_p_month:,,,m,collar,@Trip PC,removal,Greyskull2,3-min fixes,hrs_indoors: ; inside_overnight:,manipulated other,New Zealand,"Mobile Action Technology, Inc.",119.0,i-GotU,tag retreival
RichieTag,Richie,Felis catus,2015-09-04 00:02:51.000,2015-09-11 13:39:16.000,Hunt: Yes; prey_p_month: 8,3 years,Neutered,m,collar,@Trip PC,removal,Richie,3-min fixes,hrs_indoors: 4; inside_overnight: no,manipulated other,New Zealand,"Mobile Action Technology, Inc.",119.0,i-GotU,tag retreival
OscarTag,Oscar,Felis catus,2015-09-04 03:08:56.000,2015-10-04 02:03:43.000,Hunt: ; prey_p_month:,,,m,collar,@Trip PC,removal,Oscar,3-min fixes,hrs_indoors: ; inside_overnight:,manipulated other,New Zealand,"Mobile Action Technology, Inc.",119.0,i-GotU,tag retreival
GeorgeTag,George,Felis catus,2015-09-07 11:59:48.000,2015-09-12 14:34:01.000,Hunt: Yes; prey_p_month: 1,9 years,Neutered,m,collar,@Trip PC,removal,George,3-min fixes,hrs_indoors: 15; inside_overnight: no,manipulated other,New Zealand,"Mobile Action Technology, Inc.",119.0,i-GotU,tag retreival
SamanthaTag,Samantha,Felis catus,2015-09-09 00:02:35.000,2015-09-14 03:47:18.000,Hunt: Yes; prey_p_month: 1,9 years,Spayed,f,collar,@Trip PC,removal,Samantha,3-min fixes,hrs_indoors: 21; inside_overnight: no,manipulated other,New Zealand,"Mobile Action Technology, Inc.",119.0,i-GotU,tag retreival
MaggieTag,Maggie,Felis catus,2015-09-09 00:02:50.000,2015-09-16 17:59:14.000,Hunt: Yes; prey_p_month: 1,4 years,Spayed,f,collar,@Trip PC,removal,Maggie,3-min fixes,hrs_indoors: 15; inside_overnight: yes,manipulated other,New Zealand,"Mobile Action Technology, Inc.",119.0,i-GotU,tag retreival
MaddieTag,Maddie,Felis catus,2015-09-09 00:04:25.000,2015-09-15 17:08:09.000,Hunt: No; prey_p_month:,4 years,Spayed,f,collar,@Trip PC,removal,Maddie,3-min fixes,hrs_indoors: 12; inside_overnight: yes,manipulated other,New Zealand,"Mobile Action Technology, Inc.",119.0,i-GotU,tag retreival
CarinaTag,Carina,Felis catus,2015-09-09 00:04:55.000,2015-09-15 22:17:45.000,Hunt: Yes; prey_p_month: 8,2 years,Spayed,f,collar,@Trip PC,removal,Carina,3-min fixes,hrs_indoors: 18; inside_overnight: yes,manipulated other,New Zealand,"Mobile Action Technology, Inc.",119.0,i-GotU,tag retreival
HappyFeetTag,HappyFeet,Felis catus,2015-09-09 03:08:48.000,2015-09-16 09:52:19.000,Hunt: Yes; prey_p_month:,4 years,Neutered,m,collar,@Trip PC,removal,HappyFeet,3-min fixes,hrs_indoors: 10; inside_overnight: no,manipulated other,New Zealand,"Mobile Action Technology, Inc.",119.0,i-GotU,tag retreival
ChilliTag,Chilli,Felis catus,2015-09-12 00:02:33.000,2015-09-19 22:44:31.000,Hunt: Yes; prey_p_month:,1 year,Neutered,m,collar,@Trip PC,removal,Chilli,3-min fixes,hrs_indoors: 22; inside_overnight: yes,manipulated other,New Zealand,"Mobile Action Technology, Inc.",119.0,i-GotU,tag retreival
TinaTag,Tina,Felis catus,2015-09-12 00:02:38.000,2015-09-17 18:10:15.000,Hunt: Yes; prey_p_month: 1,4 years,Spayed,f,collar,@Trip PC,removal,Tina,3-min fixes,hrs_indoors: 5; inside_overnight: no,manipulated other,New Zealand,"Mobile Action Technology, Inc.",119.0,i-GotU,tag retreival
CornflakeTag,Cornflake,Felis catus,2015-09-12 00:18:09.000,2015-09-19 15:18:59.000,Hunt: Yes; prey_p_month: 1,3 years,Spayed,f,collar,@Trip PC,removal,Cornflake,3-min fixes,hrs_indoors: 10; inside_overnight: yes,manipulated other,New Zealand,"Mobile Action Technology, Inc.",119.0,i-GotU,tag retreival
ArohaJoolsTag,ArohaJools,Felis catus,2015-09-12 00:23:27.000,2015-09-18 05:05:03.000,Hunt: Yes; prey_p_month: 1,,Spayed,f,collar,@Trip PC,removal,ArohaJools,3-min fixes,hrs_indoors: 18; inside_overnight: no,manipulated other,New Zealand,"Mobile Action Technology, Inc.",119.0,i-GotU,tag retreival
PharosTag,Pharos,Felis catus,2015-09-16 00:01:58.000,2015-09-21 20:51:36.000,Hunt: Yes; prey_p_month:,8 years,Spayed,f,collar,@Trip PC,removal,Pharos,3-min fixes,hrs_indoors: 8; inside_overnight: no,manipulated other,New Zealand,"Mobile Action Technology, Inc.",119.0,i-GotU,tag retreival
BaileeTag,Bailee,Felis catus,2015-09-16 00:01:59.000,2015-09-23 13:02:04.000,Hunt: No; prey_p_month:,8 years,Neutered,m,collar,@Trip PC,removal,Bailee,3-min fixes,hrs_indoors: 2; inside_overnight: no,manipulated other,New Zealand,"Mobile Action Technology, Inc.",119.0,i-GotU,tag retreival
ApplesTag,Apples,Felis catus,2015-09-16 00:02:33.000,2015-09-22 08:34:20.000,Hunt: Yes; prey_p_month: 2,10 years,Spayed,f,collar,@Trip PC,removal,Apples,3-min fixes,hrs_indoors: 10; inside_overnight: no,manipulated other,New Zealand,"Mobile Action Technology, Inc.",119.0,i-GotU,tag retreival
HenryTag,Henry,Felis catus,2015-09-17 00:01:55.000,2015-09-24 13:29:11.000,Hunt: Yes; prey_p_month: 2,6 years,Neutered,m,collar,@Trip PC,removal,Henry,3-min fixes,hrs_indoors: 4; inside_overnight: no,manipulated other,New Zealand,"Mobile Action Technology, Inc.",119.0,i-GotU,tag retreival
MarleyTag,Marley,Felis catus,2015-09-17 00:02:55.000,2015-09-24 06:32:22.000,Hunt: Yes; prey_p_month: 2,3 years,Neutered,m,collar,@Trip PC,removal,Marley,3-min fixes,hrs_indoors: 5; inside_overnight: no,manipulated other,New Zealand,"Mobile Action Technology, Inc.",119.0,i-GotU,tag retreival
LunaTag,Luna,Felis catus,2015-09-19 00:02:09.000,2015-12-11 12:03:23.000,Hunt: Yes; prey_p_month: 3,2 years,Spayed,f,collar,@Trip PC,removal,Luna,3-min fixes,hrs_indoors: 8; inside_overnight: no,manipulated other,New Zealand,"Mobile Action Technology, Inc.",119.0,i-GotU,tag retreival
MilkshakesTag,Milkshakes,Felis catus,2015-09-19 00:02:31.000,2015-09-26 09:24:30.000,Hunt: Yes; prey_p_month: 3,3 years,Neutered,m,collar,@Trip PC,removal,Milkshakes,3-min fixes,hrs_indoors: 8; inside_overnight: no,manipulated other,New Zealand,"Mobile Action Technology, Inc.",119.0,i-GotU,tag retreival
MidnightTag,Midnight,Felis catus,2015-10-11 01:02:34.000,2015-10-18 22:50:54.000,Hunt: Yes; prey_p_month:,6 years,Spayed,f,collar,@Trip PC,removal,Midnight,3-min fixes,hrs_indoors: 6; inside_overnight: no,manipulated other,New Zealand,"Mobile Action Technology, Inc.",119.0,i-GotU,tag retreival
BellaIITag,BellaII,Felis catus,2015-10-11 01:02:43.000,2015-10-21 04:05:32.000,Hunt: Yes; prey_p_month: 3,8 years,Spayed,f,collar,@Trip PC,removal,BellaII,3-min fixes,hrs_indoors: 19; inside_overnight: no,manipulated other,New Zealand,"Mobile Action Technology, Inc.",119.0,i-GotU,tag retreival
SkittlesTag,Skittles,Felis catus,2015-10-14 01:02:35.000,2015-10-21 12:03:26.000,Hunt: Yes; prey_p_month: 4,2 years,Spayed,f,collar,@Trip PC,removal,Skittles,3-min fixes,hrs_indoors: 5; inside_overnight: no,manipulated other,New Zealand,"Mobile Action Technology, Inc.",119.0,i-GotU,tag retreival
BellaTag,Bella,Felis catus,2015-10-15 01:00:44.000,2015-10-22 20:17:25.000,Hunt: unk; prey_p_month:,4 years,Spayed,f,collar,@Trip PC,removal,Bella,3-min fixes,hrs_indoors: 20; inside_overnight: no,manipulated other,New Zealand,"Mobile Action Technology, Inc.",119.0,i-GotU,tag retreival
PennyTag,Penny,Felis catus,2015-10-15 01:02:05.000,2015-10-24 17:52:15.000,Hunt: Yes; prey_p_month: 5,1 year,Spayed,f,collar,@Trip PC,removal,Penny,3-min fixes,hrs_indoors: 10; inside_overnight: no,manipulated other,New Zealand,"Mobile Action Technology, Inc.",119.0,i-GotU,tag retreival
NougieTag,Nougie,Felis catus,2015-10-17 01:02:04.000,2015-10-23 15:11:46.000,Hunt: Yes; prey_p_month: 3,12 years,Spayed,f,collar,@Trip PC,removal,Nougie,3-min fixes,hrs_indoors: 10; inside_overnight: yes,manipulated other,New Zealand,"Mobile Action Technology, Inc.",119.0,i-GotU,tag retreival
MiloTag,Milo,Felis catus,2015-10-17 01:02:28.000,2015-10-23 05:10:01.000,Hunt: Yes; prey_p_month: 11,10 years,Spayed,f,collar,@Trip PC,removal,Milo,3-min fixes,hrs_indoors: ; inside_overnight: yes,manipulated other,New Zealand,"Mobile Action Technology, Inc.",119.0,i-GotU,tag retreival
IzzieTag,Izzie,Felis catus,2015-10-17 01:04:38.000,2015-10-25 07:19:55.000,Hunt: unk; prey_p_month:,1 year,Spayed,f,collar,@Trip PC,removal,Izzie,3-min fixes,hrs_indoors: 12; inside_overnight: no,manipulated other,New Zealand,"Mobile Action Technology, Inc.",119.0,i-GotU,tag retreival
MokaTag,Moka,Felis catus,2015-10-17 01:18:56.000,2015-10-23 00:00:59.000,Hunt: Yes; prey_p_month: 11,4 years,Spayed,f,collar,@Trip PC,removal,Moka,3-min fixes,hrs_indoors: 12; inside_overnight: yes,manipulated other,New Zealand,"Mobile Action Technology, Inc.",119.0,i-GotU,tag retreival
SniferTag,Snifer,Felis catus,2015-10-17 04:13:36.000,2015-10-23 09:30:39.000,Hunt: Yes; prey_p_month: 4,5 years,Spayed,f,collar,@Trip PC,removal,Snifer,3-min fixes,hrs_indoors: 13; inside_overnight: no,manipulated other,New Zealand,"Mobile Action Technology, Inc.",119.0,i-GotU,tag retreival
JinglesTag,Jingles,Felis catus,2015-10-17 04:16:19.000,2015-10-23 04:03:25.000,Hunt: Yes; prey_p_month: 21,7 years,Spayed,f,collar,@Trip PC,removal,Jingles,3-min fixes,hrs_indoors: 12; inside_overnight: no,manipulated other,New Zealand,"Mobile Action Technology, Inc.",119.0,i-GotU,tag retreival
EllieTag,Ellie,Felis catus,2015-10-17 04:51:57.000,2015-10-23 03:01:14.000,Hunt: Yes; prey_p_month: 1,8 years,Spayed,f,collar,@Trip PC,removal,Ellie,3-min fixes,hrs_indoors: 22; inside_overnight: yes,manipulated other,New Zealand,"Mobile Action Technology, Inc.",119.0,i-GotU,tag retreival
AshTag,Ash,Felis catus,2015-10-17 06:31:03.000,2015-10-23 02:24:57.000,Hunt: Yes; prey_p_month: 1,8 years,Neutered,m,collar,@Trip PC,removal,Ash,3-min fixes,hrs_indoors: 18; inside_overnight: yes,manipulated other,New Zealand,"Mobile Action Technology, Inc.",119.0,i-GotU,tag retreival
TigerTag,Tiger,Felis catus,2015-10-21 01:01:55.000,2015-10-28 12:04:57.000,Hunt: Yes; prey_p_month: 13,1 year,Neutered,m,collar,@Trip PC,removal,Tiger,3-min fixes,hrs_indoors: 16; inside_overnight: no,manipulated other,New Zealand,"Mobile Action Technology, Inc.",119.0,i-GotU,tag retreival
OllieTag,Ollie,Felis catus,2015-10-23 01:00:50.000,2015-10-30 10:28:10.000,Hunt: Yes; prey_p_month: 6,2 years,Neutered,m,collar,@Trip PC,removal,Ollie,3-min fixes,hrs_indoors: 12; inside_overnight: yes,manipulated other,New Zealand,"Mobile Action Technology, Inc.",119.0,i-GotU,tag retreival
RogerTag,Roger,Felis catus,2015-10-23 01:03:44.000,2015-10-29 08:29:27.000,Hunt: Yes; prey_p_month: 5,0.2 years,Neutered,m,collar,@Trip PC,removal,Roger,3-min fixes,hrs_indoors: 16; inside_overnight: yes,manipulated other,New Zealand,"Mobile Action Technology, Inc.",119.0,i-GotU,tag retreival
PresleyTag,Presley,Felis catus,2015-10-23 01:49:11.000,2015-10-30 05:03:29.000,Hunt: ; prey_p_month:,3 years,,m,collar,@Trip PC,removal,Presley,3-min fixes,hrs_indoors: ; inside_overnight:,manipulated other,New Zealand,"Mobile Action Technology, Inc.",119.0,i-GotU,tag retreival
RosieTag,Rosie,Felis catus,2015-10-23 01:49:18.000,2015-10-28 23:09:03.000,Hunt: No; prey_p_month:,0.2 years,Spayed,f,collar,@Trip PC,removal,Rosie,3-min fixes,hrs_indoors: 16; inside_overnight: yes,manipulated other,New Zealand,"Mobile Action Technology, Inc.",119.0,i-GotU,tag retreival
McIvorTag,McIvor,Felis catus,2015-10-29 01:02:21.000,2015-11-03 05:22:27.000,Hunt: No; prey_p_month:,10 years,Neutered,m,collar,@Trip PC,removal,McIvor,3-min fixes,hrs_indoors: 22; inside_overnight: yes,manipulated other,New Zealand,"Mobile Action Technology, Inc.",119.0,i-GotU,tag retreival
SpudTag,Spud,Felis catus,2015-10-29 01:03:37.000,2015-11-03 21:54:25.000,Hunt: No; prey_p_month:,10 years,Spayed,f,collar,@Trip PC,removal,Spud,3-min fixes,hrs_indoors: 8; inside_overnight: no,manipulated other,New Zealand,"Mobile Action Technology, Inc.",119.0,i-GotU,tag retreival
NimzyTag,Nimzy,Felis catus,2015-10-29 01:03:58.000,2015-11-05 12:03:41.000,Hunt: unk; prey_p_month:,4 years,Spayed,f,collar,@Trip PC,removal,Nimzy,3-min fixes,hrs_indoors: 12; inside_overnight: no,manipulated other,New Zealand,"Mobile Action Technology, Inc.",119.0,i-GotU,tag retreival
SabbathTag,Sabbath,Felis catus,2015-10-29 01:04:16.000,2015-11-04 16:38:25.000,Hunt: Yes; prey_p_month:,9 years,Neutered,m,collar,@Trip PC,removal,Sabbath,3-min fixes,hrs_indoors: 16; inside_overnight: no,manipulated other,New Zealand,"Mobile Action Technology, Inc.",119.0,i-GotU,tag retreival
BrambleTag,Bramble,Felis catus,2015-10-29 01:48:28.000,2015-11-05 16:09:59.000,Hunt: Yes; prey_p_month: 3,3 years,Spayed,f,collar,@Trip PC,removal,Bramble,3-min fixes,hrs_indoors: 16; inside_overnight: yes,manipulated other,New Zealand,"Mobile Action Technology, Inc.",119.0,i-GotU,tag retreival
BorisdeJongTag,BorisdeJong,Felis catus,2015-10-29 02:29:11.000,2015-11-03 23:50:10.000,Hunt: ; prey_p_month:,0.2 years,,m,collar,@Trip PC,removal,BorisdeJong,3-min fixes,hrs_indoors: ; inside_overnight:,manipulated other,New Zealand,"Mobile Action Technology, Inc.",119.0,i-GotU,tag retreival
BellaIIITag,BellaIII,Felis catus,2015-11-26 01:00:59.000,2015-12-02 20:53:44.000,Hunt: Yes; prey_p_month: 2,4 years,Spayed,f,collar,@Trip PC,removal,BellaIII,3-min fixes,hrs_indoors: 10; inside_overnight: no,manipulated other,New Zealand,"Mobile Action Technology, Inc.",119.0,i-GotU,tag retreival
LennyTag,Lenny,Felis catus,2015-11-26 01:02:15.000,2015-12-03 07:11:35.000,Hunt: Yes; prey_p_month: 6,1 year,Neutered,m,collar,@Trip PC,removal,Lenny,3-min fixes,hrs_indoors: 10; inside_overnight: no,manipulated other,New Zealand,"Mobile Action Technology, Inc.",119.0,i-GotU,tag retreival
ZuluTag,Zulu,Felis catus,2015-11-26 01:17:42.000,2015-12-02 08:19:53.000,Hunt: Yes; prey_p_month: 11,4 years,Spayed,f,collar,@Trip PC,removal,Zulu,3-min fixes,hrs_indoors: 14; inside_overnight: no,manipulated other,New Zealand,"Mobile Action Technology, Inc.",119.0,i-GotU,tag retreival
LillyTag,Lilly,Felis catus,2015-11-26 01:18:28.000,2015-12-02 12:26:59.000,Hunt: Yes; prey_p_month: 1,3 years,Spayed,f,collar,@Trip PC,removal,Lilly,3-min fixes,hrs_indoors: 10; inside_overnight: yes,manipulated other,New Zealand,"Mobile Action Technology, Inc.",119.0,i-GotU,tag retreival
TerabyteTag,Terabyte,Felis catus,2015-11-26 01:21:56.000,2015-12-02 10:22:46.000,Hunt: Yes; prey_p_month: 16,1 year,Spayed,f,collar,@Trip PC,removal,Terabyte,3-min fixes,hrs_indoors: 12; inside_overnight: no,manipulated other,New Zealand,"Mobile Action Technology, Inc.",119.0,i-GotU,tag retreival
TashaTag,Tasha,Felis catus,2015-11-26 02:02:31.000,2015-11-30 12:18:07.000,Hunt: ; prey_p_month:,,,f,collar,@Trip PC,removal,Tasha,3-min fixes,hrs_indoors: ; inside_overnight:,manipulated other,New Zealand,"Mobile Action Technology, Inc.",119.0,i-GotU,tag retreival
PiggieSueTag,PiggieSue,Felis catus,2015-11-26 12:02:50.000,2015-12-02 16:55:36.000,Hunt: Yes; prey_p_month: 3,0.8 years,Spayed,f,collar,@Trip PC,removal,PiggieSue,3-min fixes,hrs_indoors: 6; inside_overnight: no,manipulated other,New Zealand,"Mobile Action Technology, Inc.",119.0,i-GotU,tag retreival
NekoIITag,NekoII,Felis catus,2015-11-27 01:02:34.000,2015-12-05 02:58:27.000,Hunt: Yes; prey_p_month:,4 years,Spayed,f,collar,@Trip PC,removal,NekoII,3-min fixes,hrs_indoors: 6; inside_overnight: no,manipulated other,New Zealand,"Mobile Action Technology, Inc.",119.0,i-GotU,tag retreival
RogueTag,Rogue,Felis catus,2015-11-27 01:02:51.000,2015-12-05 22:27:58.000,Hunt: Yes; prey_p_month: 16,6 years,Spayed,f,collar,@Trip PC,removal,Rogue,3-min fixes,hrs_indoors: 8; inside_overnight: no,manipulated other,New Zealand,"Mobile Action Technology, Inc.",119.0,i-GotU,tag retreival
LorenzoTag,Lorenzo,Felis catus,2015-11-27 01:07:07.000,2015-12-04 20:08:39.000,Hunt: Yes; prey_p_month:,2 years,Neutered,m,collar,@Trip PC,removal,Lorenzo,3-min fixes,hrs_indoors: 15; inside_overnight: no,manipulated other,New Zealand,"Mobile Action Technology, Inc.",119.0,i-GotU,tag retreival
BasilTag,Basil,Felis catus,2015-11-27 03:14:31.000,2015-12-04 04:15:21.000,Hunt: Yes; prey_p_month: 1,9 years,Neutered,m,collar,@Trip PC,removal,Basil,3-min fixes,hrs_indoors: 8; inside_overnight: no,manipulated other,New Zealand,"Mobile Action Technology, Inc.",119.0,i-GotU,tag retreival
AryaTag,Arya,Felis catus,2015-12-03 01:02:19.000,2015-12-10 12:03:23.000,Hunt: Yes; prey_p_month: 16,,Spayed,f,collar,@Trip PC,removal,Arya,3-min fixes,hrs_indoors: 15; inside_overnight: yes,manipulated other,New Zealand,"Mobile Action Technology, Inc.",119.0,i-GotU,tag retreival
BuzzTag,Buzz,Felis catus,2015-12-03 01:06:08.000,2015-12-09 02:45:46.000,Hunt: Yes; prey_p_month: 6,2 years,Neutered,m,collar,@Trip PC,removal,Buzz,3-min fixes,hrs_indoors: 15; inside_overnight: no,manipulated other,New Zealand,"Mobile Action Technology, Inc.",119.0,i-GotU,tag retreival
CookieTag,Cookie,Felis catus,2015-12-03 02:01:50.000,2015-12-10 12:06:09.000,Hunt: Yes; prey_p_month: 16,3 years,Spayed,f,collar,@Trip PC,removal,Cookie,3-min fixes,hrs_indoors: 8; inside_overnight: no,manipulated other,New Zealand,"Mobile Action Technology, Inc.",119.0,i-GotU,tag retreival
TenzingTag,Tenzing,Felis catus,2015-12-03 02:28:38.000,2015-12-08 10:54:28.000,Hunt: Yes; prey_p_month: 5,3 years,Spayed,f,collar,@Trip PC,removal,Tenzing,3-min fixes,hrs_indoors: 14; inside_overnight: no,manipulated other,New Zealand,"Mobile Action Technology, Inc.",119.0,i-GotU,tag retreival
PushkinTag,Pushkin,Felis catus,2015-12-03 06:53:25.000,2015-12-09 14:16:13.000,Hunt: Yes; prey_p_month: 2,8 years,Spayed,f,collar,@Trip PC,removal,Pushkin,3-min fixes,hrs_indoors: ; inside_overnight: no,manipulated other,New Zealand,"Mobile Action Technology, Inc.",119.0,i-GotU,tag retreival
DottiTag,Dotti,Felis catus,2015-12-04 01:00:55.000,2015-12-13 02:27:27.000,Hunt: Yes; prey_p_month: 1,7 years,Spayed,f,collar,@Trip PC,removal,Dotti,3-min fixes,hrs_indoors: 18; inside_overnight: no,manipulated other,New Zealand,"Mobile Action Technology, Inc.",119.0,i-GotU,tag retreival
PoppyIIITag,PoppyIII,Felis catus,2015-12-04 01:03:12.000,2015-12-11 19:43:00.000,Hunt: Yes; prey_p_month: 2,14 years,Spayed,f,collar,@Trip PC,removal,PoppyIII,3-min fixes,hrs_indoors: 2; inside_overnight: no,manipulated other,New Zealand,"Mobile Action Technology, Inc.",119.0,i-GotU,tag retreival
EwokTag,Ewok,Felis catus,2015-12-04 01:05:26.000,2015-12-11 16:37:26.000,Hunt: Yes; prey_p_month:,2 years,, ,collar,@Trip PC,removal,Ewok,3-min fixes,hrs_indoors: 10; inside_overnight: no,manipulated other,New Zealand,"Mobile Action Technology, Inc.",119.0,i-GotU,tag retreival
GertieTag,Gertie,Felis catus,2015-12-04 01:31:47.000,2015-12-10 22:09:50.000,Hunt: Yes; prey_p_month: 2,2 years,Spayed,f,collar,@Trip PC,removal,Gertie,3-min fixes,hrs_indoors: 15; inside_overnight: yes,manipulated other,New Zealand,"Mobile Action Technology, Inc.",119.0,i-GotU,tag retreival
ElliotTag,Elliot,Felis catus,2015-12-04 02:20:21.000,2015-12-11 00:39:13.000,Hunt: Yes; prey_p_month: 6,2 years,Neutered,m,collar,@Trip PC,removal,Elliot,3-min fixes,hrs_indoors: 9; inside_overnight: yes,manipulated other,New Zealand,"Mobile Action Technology, Inc.",119.0,i-GotU,tag retreival
MosesTag,Moses,Felis catus,2015-12-04 06:19:28.000,2015-12-10 11:11:41.000,Hunt: Yes; prey_p_month: 11,2 years,Neutered,m,collar,@Trip PC,removal,Moses,3-min fixes,hrs_indoors: 12; inside_overnight: yes,manipulated other,New Zealand,"Mobile Action Technology, Inc.",119.0,i-GotU,tag retreival
NalaIITag,NalaII,Felis catus,2015-12-05 01:25:04.000,2015-12-12 09:29:57.000,Hunt: Yes; prey_p_month: 4,2 years,Spayed,f,collar,@Trip PC,removal,NalaII,3-min fixes,hrs_indoors: 10; inside_overnight: no,manipulated other,New Zealand,"Mobile Action Technology, Inc.",119.0,i-GotU,tag retreival
IggyTag,Iggy,Felis catus,2015-12-05 01:49:24.000,2015-12-13 04:25:17.000,Hunt: ; prey_p_month:,5 years,,f,collar,@Trip PC,removal,Iggy,3-min fixes,hrs_indoors: ; inside_overnight:,manipulated other,New Zealand,"Mobile Action Technology, Inc.",119.0,i-GotU,tag retreival
BonnieTag,Bonnie,Felis catus,2015-12-05 01:49:25.000,2015-12-11 23:23:58.000,Hunt: No; prey_p_month:,8 years,Spayed,f,collar,@Trip PC,removal,Bonnie,3-min fixes,hrs_indoors: 12; inside_overnight: no,manipulated other,New Zealand,"Mobile Action Technology, Inc.",119.0,i-GotU,tag retreival
SmudgyBumTag,SmudgyBum,Felis catus,2015-12-05 07:40:48.000,2015-12-12 14:32:47.000,Hunt: Yes; prey_p_month:,9 years,Neutered,m,collar,@Trip PC,removal,SmudgyBum,3-min fixes,hrs_indoors: 2; inside_overnight: no,manipulated other,New Zealand,"Mobile Action Technology, Inc.",119.0,i-GotU,tag retreival
SativaTag,Sativa,Felis catus,2015-12-07 05:33:09.000,2015-12-13 12:01:34.000,Hunt: Yes; prey_p_month: 2,5 years,Neutered,m,collar,@Trip PC,removal,Sativa,3-min fixes,hrs_indoors: 6; inside_overnight: no,manipulated other,New Zealand,"Mobile Action Technology, Inc.",119.0,i-GotU,tag retreival
SantiTag,Santi,Felis catus,2015-12-09 01:03:25.000,2015-12-16 11:22:58.000,Hunt: Yes; prey_p_month: 3,2 years,Spayed,f,collar,@Trip PC,removal,Santi,3-min fixes,hrs_indoors: 11; inside_overnight: yes,manipulated other,New Zealand,"Mobile Action Technology, Inc.",119.0,i-GotU,tag retreival
PalomaTag,Paloma,Felis catus,2015-12-09 01:04:21.000,2015-12-16 05:06:52.000,Hunt: Yes; prey_p_month: 1,2 years,Spayed,f,collar,@Trip PC,removal,Paloma,3-min fixes,hrs_indoors: 16; inside_overnight: yes,manipulated other,New Zealand,"Mobile Action Technology, Inc.",119.0,i-GotU,tag retreival
PepperTag,Pepper,Felis catus,2015-12-09 01:12:34.000,2015-12-15 08:51:11.000,Hunt: unk; prey_p_month:,10 years,Spayed,f,collar,@Trip PC,removal,Pepper,3-min fixes,hrs_indoors: 22; inside_overnight: yes,manipulated other,New Zealand,"Mobile Action Technology, Inc.",119.0,i-GotU,tag retreival
MaomaoTag,Maomao,Felis catus,2015-12-10 01:02:32.000,2015-12-18 01:48:18.000,Hunt: No; prey_p_month:,8 years,Neutered,m,collar,@Trip PC,removal,Maomao,3-min fixes,hrs_indoors: 4; inside_overnight: no,manipulated other,New Zealand,"Mobile Action Technology, Inc.",119.0,i-GotU,tag retreival
NuggetTag,Nugget,Felis catus,2015-12-11 22:02:06.000,2015-12-15 23:39:30.000,Hunt: Yes; prey_p_month: 1,6 years,Spayed,f,collar,@Trip PC,removal,Nugget,3-min fixes,hrs_indoors: 18; inside_overnight: no,manipulated other,New Zealand,"Mobile Action Technology, Inc.",119.0,i-GotU,tag retreival
CatsbyTag,Catsby,Felis catus,2015-12-12 01:02:26.000,2015-12-17 17:07:24.000,Hunt: Yes; prey_p_month: 1,5 years,Spayed,f,collar,@Trip PC,removal,Catsby,3-min fixes,hrs_indoors: 12; inside_overnight: yes,manipulated other,New Zealand,"Mobile Action Technology, Inc.",119.0,i-GotU,tag retreival
FelixTag,Felix,Felis catus,2015-12-12 01:02:27.000,2015-12-19 11:58:48.000,Hunt: Yes; prey_p_month: 4,7 years,Neutered,m,collar,@Trip PC,removal,Felix,3-min fixes,hrs_indoors: 8; inside_overnight: no,manipulated other,New Zealand,"Mobile Action Technology, Inc.",119.0,i-GotU,tag retreival
MarcellusWallaceTag,MarcellusWallace,Felis catus,2015-12-12 01:02:33.000,2015-12-19 17:58:29.000,Hunt: unk; prey_p_month:,12 years,Neutered,m,collar,@Trip PC,removal,MarcellusWallace,3-min fixes,hrs_indoors: ; inside_overnight: no,manipulated other,New Zealand,"Mobile Action Technology, Inc.",119.0,i-GotU,tag retreival
AstrylTag,Astryl,Felis catus,2015-12-12 01:02:41.000,2015-12-19 11:09:47.000,Hunt: Yes; prey_p_month: 2,12 years,Spayed,f,collar,@Trip PC,removal,Astryl,3-min fixes,hrs_indoors: 12; inside_overnight: no,manipulated other,New Zealand,"Mobile Action Technology, Inc.",119.0,i-GotU,tag retreival
CasperTag,Casper,Felis catus,2015-12-12 03:31:55.000,2015-12-17 19:42:45.000,Hunt: Yes; prey_p_month: 7,4 years,Neutered,m,collar,@Trip PC,removal,Casper,3-min fixes,hrs_indoors: 16; inside_overnight: no,manipulated other,New Zealand,"Mobile Action Technology, Inc.",119.0,i-GotU,tag retreival
RosieIITag,RosieII,Felis catus,2015-12-12 05:36:26.000,2015-12-17 12:06:59.000,Hunt: Yes; prey_p_month: 8,1 year,Spayed,f,collar,@Trip PC,removal,RosieII,3-min fixes,hrs_indoors: 6; inside_overnight: no,manipulated other,New Zealand,"Mobile Action Technology, Inc.",119.0,i-GotU,tag retreival
DanaTag,Dana,Felis catus,2015-12-12 07:21:27.000,2015-12-17 12:03:18.000,Hunt: Yes; prey_p_month: 1,8 years,Neutered,m,collar,@Trip PC,removal,Dana,3-min fixes,hrs_indoors: 12; inside_overnight: yes,manipulated other,New Zealand,"Mobile Action Technology, Inc.",119.0,i-GotU,tag retreival
WillowTag,Willow,Felis catus,2015-12-22 01:01:52.000,2015-12-29 12:05:13.000,Hunt: No; prey_p_month:,15 years,Spayed,f,collar,@Trip PC,removal,Willow,3-min fixes,hrs_indoors: 20; inside_overnight: no,manipulated other,New Zealand,"Mobile Action Technology, Inc.",119.0,i-GotU,tag retreival
XanderTag,Xander,Felis catus,2015-12-22 01:02:33.000,2015-12-29 18:17:55.000,Hunt: Yes; prey_p_month: 2,6 years,Neutered,m,collar,@Trip PC,removal,Xander,3-min fixes,hrs_indoors: ; inside_overnight: no,manipulated other,New Zealand,"Mobile Action Technology, Inc.",119.0,i-GotU,tag retreival
TaraTag,Tara,Felis catus,2015-12-22 01:21:22.000,2015-12-29 12:03:43.000,Hunt: Yes; prey_p_month: 2,7 years,Spayed,f,collar,@Trip PC,removal,Tara,3-min fixes,hrs_indoors: 14; inside_overnight: no,manipulated other,New Zealand,"Mobile Action Technology, Inc.",119.0,i-GotU,tag retreival
TriceraCatTag,TriceraCat,Felis catus,2015-12-30 05:00:39.000,2016-01-06 02:57:40.000,Hunt: Yes; prey_p_month: 16,4 years,Spayed,f,collar,@Trip PC,removal,TriceraCat,3-min fixes,hrs_indoors: 14; inside_overnight: no,manipulated other,New Zealand,"Mobile Action Technology, Inc.",119.0,i-GotU,tag retreival
StinkeyTag,Stinkey,Felis catus,2015-12-31 01:02:24.000,2016-01-06 16:49:15.000,Hunt: Yes; prey_p_month:,0.9 years,Neutered,m,collar,@Trip PC,removal,Stinkey,3-min fixes,hrs_indoors: 9; inside_overnight: yes,manipulated other,New Zealand,"Mobile Action Technology, Inc.",119.0,i-GotU,tag retreival
KittysaurusRexTag,KittysaurusRex,Felis catus,2016-01-01 01:03:18.000,2016-01-07 20:57:29.000,Hunt: Yes; prey_p_month: 21,5 years,Neutered,m,collar,@Trip PC,removal,KittysaurusRex,3-min fixes,hrs_indoors: 8; inside_overnight: no,manipulated other,New Zealand,"Mobile Action Technology, Inc.",119.0,i-GotU,tag retreival
GinTag,Gin,Felis catus,2016-01-14 01:02:04.000,2016-01-22 01:25:49.000,Hunt: Yes; prey_p_month:,5 years,Spayed,f,collar,@Trip PC,removal,Gin,3-min fixes,hrs_indoors: 10; inside_overnight: no,manipulated other,New Zealand,"Mobile Action Technology, Inc.",119.0,i-GotU,tag retreival
LailaTag,Laila,Felis catus,2016-01-14 01:02:05.000,2016-01-21 11:08:32.000,Hunt: Yes; prey_p_month: 1,7 years,Spayed,f,collar,@Trip PC,removal,Laila,3-min fixes,hrs_indoors: 12; inside_overnight: yes,manipulated other,New Zealand,"Mobile Action Technology, Inc.",119.0,i-GotU,tag retreival
TamariAlmondTag,TamariAlmond,Felis catus,2016-01-14 01:02:21.000,2016-01-20 12:47:18.000,Hunt: unk; prey_p_month:,5 years,Spayed,f,collar,@Trip PC,removal,TamariAlmond,3-min fixes,hrs_indoors: 12; inside_overnight: yes,manipulated other,New Zealand,"Mobile Action Technology, Inc.",119.0,i-GotU,tag retreival
ZeusIITag,ZeusII,Felis catus,2016-01-14 01:02:23.000,2016-01-21 21:16:27.000,Hunt: Yes; prey_p_month: 21,1 year,Neutered,m,collar,@Trip PC,removal,ZeusII,3-min fixes,hrs_indoors: 12; inside_overnight: yes,manipulated other,New Zealand,"Mobile Action Technology, Inc.",119.0,i-GotU,tag retreival
CazadorTag,Cazador,Felis catus,2016-01-14 01:02:33.000,2016-01-20 18:52:00.000,Hunt: No; prey_p_month:,0.4 years,Neutered,m,collar,@Trip PC,removal,Cazador,3-min fixes,hrs_indoors: 19; inside_overnight: no,manipulated other,New Zealand,"Mobile Action Technology, Inc.",119.0,i-GotU,tag retreival
AxelTag,Axel,Felis catus,2016-01-14 01:03:11.000,2016-01-21 06:10:11.000,Hunt: No; prey_p_month:,0.9 years,Neutered,m,collar,@Trip PC,removal,Axel,3-min fixes,hrs_indoors: 8; inside_overnight: no,manipulated other,New Zealand,"Mobile Action Technology, Inc.",119.0,i-GotU,tag retreival
PabloTag,Pablo,Felis catus,2016-01-14 01:20:23.000,2016-01-20 02:41:28.000,Hunt: Yes; prey_p_month: 6,3 years,Neutered,m,collar,@Trip PC,removal,Pablo,3-min fixes,hrs_indoors: 10; inside_overnight: no,manipulated other,New Zealand,"Mobile Action Technology, Inc.",119.0,i-GotU,tag retreival
PoppyIVTag,PoppyIV,Felis catus,2016-01-14 01:40:34.000,2016-01-19 23:24:46.000,Hunt: No; prey_p_month:,2 years,Spayed,f,collar,@Trip PC,removal,PoppyIV,3-min fixes,hrs_indoors: 10; inside_overnight: no,manipulated other,New Zealand,"Mobile Action Technology, Inc.",119.0,i-GotU,tag retreival
AliceTag,Alice,Felis catus,2016-01-14 01:45:37.000,2016-01-20 16:24:24.000,Hunt: ; prey_p_month: 9,5 years,Spayed,f,collar,@Trip PC,removal,Alice,3-min fixes,hrs_indoors: 8; inside_overnight: no,manipulated other,New Zealand,"Mobile Action Technology, Inc.",119.0,i-GotU,tag retreival
StellaTag,Stella,Felis catus,2016-01-14 05:16:19.000,2016-01-19 09:49:09.000,Hunt: No; prey_p_month:,11 years,Spayed,f,collar,@Trip PC,removal,Stella,3-min fixes,hrs_indoors: 15; inside_overnight: no,manipulated other,New Zealand,"Mobile Action Technology, Inc.",119.0,i-GotU,tag retreival
AggieTag,Aggie,Felis catus,2016-01-15 11:03:20.000,2016-01-18 23:31:21.000,Hunt: ; prey_p_month:,,, ,collar,@Trip PC,removal,Aggie,3-min fixes,hrs_indoors: ; inside_overnight:,manipulated other,New Zealand,"Mobile Action Technology, Inc.",119.0,i-GotU,tag retreival
SpiceTag,Spice,Felis catus,2016-01-16 01:01:57.000,2016-01-22 16:15:15.000,Hunt: No; prey_p_month:,4 years,Neutered,m,collar,@Trip PC,removal,Spice,3-min fixes,hrs_indoors: 10; inside_overnight: yes,manipulated other,New Zealand,"Mobile Action Technology, Inc.",119.0,i-GotU,tag retreival
SelenaTag,Selena,Felis catus,2016-01-16 01:01:57.000,2016-01-21 11:16:17.000,Hunt: Yes; prey_p_month: 1,9 years,Spayed,f,collar,@Trip PC,removal,Selena,3-min fixes,hrs_indoors: 18; inside_overnight: no,manipulated other,New Zealand,"Mobile Action Technology, Inc.",119.0,i-GotU,tag retreival
WhiskeyTag,Whiskey,Felis catus,2016-01-16 01:02:28.000,2016-01-26 11:59:24.000,Hunt: Yes; prey_p_month:,1 year,Neutered,m,collar,@Trip PC,removal,Whiskey,3-min fixes,hrs_indoors: 16; inside_overnight: yes,manipulated other,New Zealand,"Mobile Action Technology, Inc.",119.0,i-GotU,tag retreival
MissieTag,Missie,Felis catus,2016-01-16 01:03:45.000,2016-01-23 17:23:12.000,Hunt: Yes; prey_p_month:,4 years,Spayed,f,collar,@Trip PC,removal,Missie,3-min fixes,hrs_indoors: 10; inside_overnight: yes,manipulated other,New Zealand,"Mobile Action Technology, Inc.",119.0,i-GotU,tag retreival
KatyTag,Katy,Felis catus,2016-01-16 01:21:02.000,2016-01-21 18:46:21.000,Hunt: Yes; prey_p_month: 1,10 years,Spayed,f,collar,@Trip PC,removal,Katy,3-min fixes,hrs_indoors: 7; inside_overnight: no,manipulated other,New Zealand,"Mobile Action Technology, Inc.",119.0,i-GotU,tag retreival
JaxTag,Jax,Felis catus,2016-01-16 01:25:55.000,2016-01-22 05:33:52.000,Hunt: Yes; prey_p_month: 1,,Spayed,f,collar,@Trip PC,removal,Jax,3-min fixes,hrs_indoors: 12; inside_overnight: no,manipulated other,New Zealand,"Mobile Action Technology, Inc.",119.0,i-GotU,tag retreival
ThomasTag,Thomas,Felis catus,2016-01-16 01:46:55.000,2016-01-22 22:59:20.000,Hunt: ; prey_p_month:,,,m,collar,@Trip PC,removal,Thomas,3-min fixes,hrs_indoors: ; inside_overnight:,manipulated other,New Zealand,"Mobile Action Technology, Inc.",119.0,i-GotU,tag retreival
MinervaTag,Minerva,Felis catus,2016-01-16 10:31:09.000,2016-01-21 02:17:34.000,Hunt: Yes; prey_p_month: 1,6 years,Spayed,f,collar,@Trip PC,removal,Minerva,3-min fixes,hrs_indoors: 15; inside_overnight: yes,manipulated other,New Zealand,"Mobile Action Technology, Inc.",119.0,i-GotU,tag retreival
MerlinTag,Merlin,Felis catus,2016-01-17 21:10:08.000,2016-01-25 12:04:57.000,Hunt: unk; prey_p_month:,0.9 years,Neutered,m,collar,@Trip PC,removal,Merlin,3-min fixes,hrs_indoors: 12; inside_overnight: no,manipulated other,New Zealand,"Mobile Action Technology, Inc.",119.0,i-GotU,tag retreival
CocoTag,Coco,Felis catus,2016-01-21 01:21:43.000,2016-01-27 04:34:52.000,Hunt: No; prey_p_month:,10 years,Spayed,f,collar,@Trip PC,removal,Coco,3-min fixes,hrs_indoors: 16; inside_overnight: no,manipulated other,New Zealand,"Mobile Action Technology, Inc.",119.0,i-GotU,tag retreival
SubieTag,Subie,Felis catus,2016-01-22 01:00:35.000,2016-01-30 12:06:01.000,Hunt: Yes; prey_p_month: 11,2 years,Spayed,f,collar,@Trip PC,removal,Subie,3-min fixes,hrs_indoors: 14; inside_overnight: no,manipulated other,New Zealand,"Mobile Action Technology, Inc.",119.0,i-GotU,tag retreival
SkyIITag,SkyII,Felis catus,2016-01-22 01:01:53.000,2016-01-31 17:12:03.000,Hunt: Yes; prey_p_month: 11,2 years,Spayed,f,collar,@Trip PC,removal,SkyII,3-min fixes,hrs_indoors: 17; inside_overnight: no,manipulated other,New Zealand,"Mobile Action Technology, Inc.",119.0,i-GotU,tag retreival
GingeTag,Ginge,Felis catus,2016-01-28 01:02:23.000,2016-02-04 00:56:48.000,,,, ,collar,@Trip PC,removal,Ginge,3-min fixes,,manipulated other,New Zealand,"Mobile Action Technology, Inc.",119.0,i-GotU,tag retreival
PollyTag,Polly,Felis catus,2016-01-28 01:02:34.000,2016-02-03 11:58:27.000,Hunt: unk; prey_p_month:,7 years,Neutered,m,collar,@Trip PC,removal,Polly,3-min fixes,hrs_indoors: 10; inside_overnight: no,manipulated other,New Zealand,"Mobile Action Technology, Inc.",119.0,i-GotU,tag retreival
SandmanTag,Sandman,Felis catus,2016-01-28 02:20:11.000,2016-02-04 02:49:54.000,Hunt: Yes; prey_p_month: 4,3 years,Neutered,m,collar,@Trip PC,removal,Sandman,3-min fixes,hrs_indoors: 5; inside_overnight: no,manipulated other,New Zealand,"Mobile Action Technology, Inc.",119.0,i-GotU,tag retreival
GussTag,Guss,Felis catus,2016-01-28 03:29:52.000,2016-02-02 14:39:31.000,Hunt: Yes; prey_p_month: 3,8 years,Neutered,m,collar,@Trip PC,removal,Guss,3-min fixes,hrs_indoors: 16; inside_overnight: yes,manipulated other,New Zealand,"Mobile Action Technology, Inc.",119.0,i-GotU,tag retreival
VinnieTag,Vinnie,Felis catus,2016-01-29 01:02:25.000,2016-02-05 23:39:34.000,Hunt: Yes; prey_p_month: 2,1 year,Neutered,m,collar,@Trip PC,removal,Vinnie,3-min fixes,hrs_indoors: 14; inside_overnight: no,manipulated other,New Zealand,"Mobile Action Technology, Inc.",119.0,i-GotU,tag retreival
ToddTag,Todd,Felis catus,2016-01-29 01:02:55.000,2016-02-03 04:23:50.000,,,, ,collar,@Trip PC,removal,Todd,3-min fixes,,manipulated other,New Zealand,"Mobile Action Technology, Inc.",119.0,i-GotU,tag retreival
ZenoTag,Zeno,Felis catus,2016-01-29 01:19:33.000,2016-02-04 11:21:04.000,Hunt: Yes; prey_p_month: 1,4 years,Spayed,f,collar,@Trip PC,removal,Zeno,3-min fixes,hrs_indoors: 10; inside_overnight: no,manipulated other,New Zealand,"Mobile Action Technology, Inc.",119.0,i-GotU,tag retreival
RockyTag,Rocky,Felis catus,2016-01-29 02:04:33.000,2016-02-04 18:22:40.000,Hunt: No; prey_p_month:,8 years,Neutered,m,collar,@Trip PC,removal,Rocky,3-min fixes,hrs_indoors: 20; inside_overnight: no,manipulated other,New Zealand,"Mobile Action Technology, Inc.",119.0,i-GotU,tag retreival
LuxTag,Lux,Felis catus,2016-01-29 04:22:22.000,2016-02-03 23:01:10.000,Hunt: Yes; prey_p_month: 21,6 years,Spayed,f,collar,@Trip PC,removal,Lux,3-min fixes,hrs_indoors: 20; inside_overnight: yes,manipulated other,New Zealand,"Mobile Action Technology, Inc.",119.0,i-GotU,tag retreival
BearTag,Bear,Felis catus,2016-01-30 01:02:28.000,2016-02-06 10:58:00.000,Hunt: Yes; prey_p_month: 6,4 years,Spayed,f,collar,@Trip PC,removal,Bear,3-min fixes,hrs_indoors: 4; inside_overnight: no,manipulated other,New Zealand,"Mobile Action Technology, Inc.",119.0,i-GotU,tag retreival
GusTag,Gus,Felis catus,2016-01-30 01:06:13.000,2016-02-06 10:04:23.000,Hunt: Yes; prey_p_month: 3,3 years,Neutered,m,collar,@Trip PC,removal,Gus,3-min fixes,hrs_indoors: 10; inside_overnight: no,manipulated other,New Zealand,"Mobile Action Technology, Inc.",119.0,i-GotU,tag retreival
HarveyTag,Harvey,Felis catus,2016-02-04 03:19:24.000,2016-02-10 05:43:52.000,Hunt: No; prey_p_month:,9 years,Neutered,m,collar,@Trip PC,removal,Harvey,3-min fixes,hrs_indoors: 23; inside_overnight: no,manipulated other,New Zealand,"Mobile Action Technology, Inc.",119.0,i-GotU,tag retreival
WinstonTag,Winston,Felis catus,2016-02-05 04:55:23.000,2016-02-11 21:17:02.000,Hunt: No; prey_p_month:,13 years,Neutered,m,collar,@Trip PC,removal,Winston,3-min fixes,hrs_indoors: 11; inside_overnight: no,manipulated other,New Zealand,"Mobile Action Technology, Inc.",119.0,i-GotU,tag retreival
TabsTag,Tabs,Felis catus,2016-02-05 05:46:49.000,2016-02-11 00:22:54.000,Hunt: Yes; prey_p_month: 5,5 years,Spayed,f,collar,@Trip PC,removal,Tabs,3-min fixes,hrs_indoors: 18; inside_overnight: no,manipulated other,New Zealand,"Mobile Action Technology, Inc.",119.0,i-GotU,tag retreival
LemonSqueezyTag,LemonSqueezy,Felis catus,2016-02-05 06:27:27.000,2016-02-11 12:07:27.000,Hunt: No; prey_p_month:,7 years,Spayed,f,collar,@Trip PC,removal,LemonSqueezy,3-min fixes,hrs_indoors: 11; inside_overnight: no,manipulated other,New Zealand,"Mobile Action Technology, Inc.",119.0,i-GotU,tag retreival
MungoTag,Mungo,Felis catus,2016-02-06 05:41:03.000,2016-02-12 00:09:48.000,Hunt: Yes; prey_p_month: 6,7 years,Neutered,m,collar,@Trip PC,removal,Mungo,3-min fixes,hrs_indoors: 16; inside_overnight: yes,manipulated other,New Zealand,"Mobile Action Technology, Inc.",119.0,i-GotU,tag retreival
PipiTag,Pipi,Felis catus,2016-02-06 08:20:18.000,2016-02-12 11:07:55.000,Hunt: Yes; prey_p_month: 6,7 years,Spayed,f,collar,@Trip PC,removal,Pipi,3-min fixes,hrs_indoors: 17; inside_overnight: yes,manipulated other,New Zealand,"Mobile Action Technology, Inc.",119.0,i-GotU,tag retreival
BuddyTag,Buddy,Felis catus,2016-02-11 01:02:13.000,2016-02-18 18:57:56.000,Hunt: Yes; prey_p_month: 1,7 years,Neutered,m,collar,@Trip PC,removal,Buddy,3-min fixes,hrs_indoors: 7; inside_overnight: yes,manipulated other,New Zealand,"Mobile Action Technology, Inc.",119.0,i-GotU,tag retreival
ArchieTag,Archie,Felis catus,2016-02-11 01:05:25.000,2016-02-18 16:01:53.000,Hunt: Yes; prey_p_month: 1,4 years,Neutered,m,collar,@Trip PC,removal,Archie,3-min fixes,hrs_indoors: 12; inside_overnight: no,manipulated other,New Zealand,"Mobile Action Technology, Inc.",119.0,i-GotU,tag retreival
ThomasIITag,ThomasII,Felis catus,2016-02-11 01:18:21.000,2016-02-18 16:03:18.000,Hunt: Yes; prey_p_month:,5 years,Neutered,m,collar,@Trip PC,removal,ThomasII,3-min fixes,hrs_indoors: 20; inside_overnight: no,manipulated other,New Zealand,"Mobile Action Technology, Inc.",119.0,i-GotU,tag retreival
AlfieTag,Alfie,Felis catus,2016-02-11 01:19:40.000,2016-02-16 12:02:34.000,Hunt: Yes; prey_p_month: 4,2 years,Neutered,m,collar,@Trip PC,removal,Alfie,3-min fixes,hrs_indoors: 16; inside_overnight: yes,manipulated other,New Zealand,"Mobile Action Technology, Inc.",119.0,i-GotU,tag retreival
RubyTag,Ruby,Felis catus,2016-02-11 01:22:20.000,2016-02-16 11:07:02.000,Hunt: Yes; prey_p_month: 3,1 year,Spayed,f,collar,@Trip PC,removal,Ruby,3-min fixes,hrs_indoors: 18; inside_overnight: yes,manipulated other,New Zealand,"Mobile Action Technology, Inc.",119.0,i-GotU,tag retreival
HazelTag,Hazel,Felis catus,2016-02-11 02:34:36.000,2016-02-17 01:02:35.000,Hunt: Yes; prey_p_month:,1 year,Spayed,f,collar,@Trip PC,removal,Hazel,3-min fixes,hrs_indoors: ; inside_overnight: yes,manipulated other,New Zealand,"Mobile Action Technology, Inc.",119.0,i-GotU,tag retreival
LokiTag,Loki,Felis catus,2016-02-11 04:19:57.000,2016-02-18 14:42:41.000,Hunt: Yes; prey_p_month: 2,1 year,Neutered,m,collar,@Trip PC,removal,Loki,3-min fixes,hrs_indoors: 14; inside_overnight: yes,manipulated other,New Zealand,"Mobile Action Technology, Inc.",119.0,i-GotU,tag retreival
MartyTag,Marty,Felis catus,2016-02-11 19:16:39.000,2016-02-16 23:07:34.000,Hunt: Yes; prey_p_month: 1,2 years,Neutered,m,collar,@Trip PC,removal,Marty,3-min fixes,hrs_indoors: 16; inside_overnight: yes,manipulated other,New Zealand,"Mobile Action Technology, Inc.",119.0,i-GotU,tag retreival
SchrodingerTag,Schrodinger,Felis catus,2016-02-12 10:59:34.000,2016-02-17 05:55:26.000,Hunt: Yes; prey_p_month: 1,4 years,Spayed,f,collar,@Trip PC,removal,Schrodinger,3-min fixes,hrs_indoors: 14; inside_overnight: no,manipulated other,New Zealand,"Mobile Action Technology, Inc.",119.0,i-GotU,tag retreival
TuiTag,Tui,Felis catus,2016-02-13 02:22:37.000,2016-02-19 22:22:25.000,Hunt: Yes; prey_p_month: 13,2 years,Spayed,f,collar,@Trip PC,removal,Tui,3-min fixes,hrs_indoors: 14; inside_overnight: no,manipulated other,New Zealand,"Mobile Action Technology, Inc.",119.0,i-GotU,tag retreival
Shadow-NinjaTag,Shadow-Ninja,Felis catus,2016-02-19 01:01:14.000,2016-02-28 09:16:54.000,Hunt: unk; prey_p_month:,2 years,Neutered,m,collar,@Trip PC,removal,Shadow-Ninja,3-min fixes,hrs_indoors: 3; inside_overnight: no,manipulated other,New Zealand,"Mobile Action Technology, Inc.",119.0,i-GotU,tag retreival
DashTag,Dash,Felis catus,2016-02-19 01:02:06.000,2016-02-25 11:33:33.000,Hunt: Yes; prey_p_month: 2,4 years,Neutered,m,collar,@Trip PC,removal,Dash,3-min fixes,hrs_indoors: 7; inside_overnight: no,manipulated other,New Zealand,"Mobile Action Technology, Inc.",119.0,i-GotU,tag retreival
WilsonTag,Wilson,Felis catus,2016-02-19 01:02:33.000,2016-02-20 06:47:19.000,Hunt: ; prey_p_month:,,,m,collar,@Trip PC,removal,Wilson,3-min fixes,hrs_indoors: ; inside_overnight:,manipulated other,New Zealand,"Mobile Action Technology, Inc.",119.0,i-GotU,tag retreival
Cutie-GirlTag,Cutie-Girl,Felis catus,2016-02-19 01:03:04.000,2016-02-27 04:10:26.000,Hunt: Yes; prey_p_month: 1,2 years,Spayed,f,collar,@Trip PC,removal,Cutie-Girl,3-min fixes,hrs_indoors: 4; inside_overnight: yes,manipulated other,New Zealand,"Mobile Action Technology, Inc.",119.0,i-GotU,tag retreival
KimyTag,Kimy,Felis catus,2016-02-19 01:34:06.000,2016-02-24 08:34:02.000,Hunt: Yes; prey_p_month: 4,7 years,Spayed,f,collar,@Trip PC,removal,Kimy,3-min fixes,hrs_indoors: 6; inside_overnight: no,manipulated other,New Zealand,"Mobile Action Technology, Inc.",119.0,i-GotU,tag retreival
ChessTag,Chess,Felis catus,2016-02-19 02:53:33.000,2016-02-26 05:52:00.000,Hunt: Yes; prey_p_month: 1,9 years,Spayed,f,collar,@Trip PC,removal,Chess,3-min fixes,hrs_indoors: 18; inside_overnight: yes,manipulated other,New Zealand,"Mobile Action Technology, Inc.",119.0,i-GotU,tag retreival
SussTag,Suss,Felis catus,2016-02-19 04:41:53.000,2016-02-25 10:29:31.000,Hunt: Yes; prey_p_month: 2,4 years,Spayed,f,collar,@Trip PC,removal,Suss,3-min fixes,hrs_indoors: 12; inside_overnight: no,manipulated other,New Zealand,"Mobile Action Technology, Inc.",119.0,i-GotU,tag retreival
SebTag,Seb,Felis catus,2016-02-19 06:04:58.000,2016-02-24 05:58:57.000,Hunt: Yes; prey_p_month: 11,6 years,Neutered,m,collar,@Trip PC,removal,Seb,3-min fixes,hrs_indoors: 12; inside_overnight: no,manipulated other,New Zealand,"Mobile Action Technology, Inc.",119.0,i-GotU,tag retreival
GinIITag,GinII,Felis catus,2016-02-26 01:02:18.000,2016-03-03 17:59:30.000,Hunt: Yes; prey_p_month: 11,5 years,Neutered,m,collar,@Trip PC,removal,GinII,3-min fixes,hrs_indoors: 12; inside_overnight: no,manipulated other,New Zealand,"Mobile Action Technology, Inc.",119.0,i-GotU,tag retreival
TillyTag,Tilly,Felis catus,2016-02-26 01:02:20.000,2016-03-04 21:20:15.000,Hunt: Yes; prey_p_month: 2,4 years,Neutered,m,collar,@Trip PC,removal,Tilly,3-min fixes,hrs_indoors: 8; inside_overnight: no,manipulated other,New Zealand,"Mobile Action Technology, Inc.",119.0,i-GotU,tag retreival
BusterTag,Buster,Felis catus,2016-02-26 01:05:28.000,2016-03-03 18:59:45.000,Hunt: Yes; prey_p_month: 5,1 year,Neutered,m,collar,@Trip PC,removal,Buster,3-min fixes,hrs_indoors: 12; inside_overnight: no,manipulated other,New Zealand,"Mobile Action Technology, Inc.",119.0,i-GotU,tag retreival
DingoTag,Dingo,Felis catus,2016-02-26 05:23:43.000,2016-03-04 01:02:41.000,Hunt: Yes; prey_p_month: 11,4 years,Neutered,m,collar,@Trip PC,removal,Dingo,3-min fixes,hrs_indoors: 8; inside_overnight: no,manipulated other,New Zealand,"Mobile Action Technology, Inc.",119.0,i-GotU,tag retreival
TobyTag,Toby,Felis catus,2016-02-26 23:23:08.000,2016-03-03 00:46:08.000,Hunt: Yes; prey_p_month: 1,6 years,Neutered,m,collar,@Trip PC,removal,Toby,3-min fixes,hrs_indoors: 18; inside_overnight: no,manipulated other,New Zealand,"Mobile Action Technology, Inc.",119.0,i-GotU,tag retreival
SleekyTag,Sleeky,Felis catus,2016-03-04 01:02:39.000,2016-03-11 11:55:46.000,Hunt: No; prey_p_month:,11 years,Neutered,m,collar,@Trip PC,removal,Sleeky,3-min fixes,hrs_indoors: 4; inside_overnight: no,manipulated other,New Zealand,"Mobile Action Technology, Inc.",119.0,i-GotU,tag retreival
SootyTag,Sooty,Felis catus,2016-03-04 01:18:56.000,2016-03-10 15:09:36.000,Hunt: Yes; prey_p_month: 3,2 years,Spayed,f,collar,@Trip PC,removal,Sooty,3-min fixes,hrs_indoors: 10; inside_overnight: no,manipulated other,New Zealand,"Mobile Action Technology, Inc.",119.0,i-GotU,tag retreival
MarmiteTag,Marmite,Felis catus,2016-03-04 02:51:24.000,2016-03-11 13:58:04.000,Hunt: Yes; prey_p_month: 2,4 years,Spayed,f,collar,@Trip PC,removal,Marmite,3-min fixes,hrs_indoors: 14; inside_overnight: yes,manipulated other,New Zealand,"Mobile Action Technology, Inc.",119.0,i-GotU,tag retreival
MilliGalTag,MilliGal,Felis catus,2016-03-09 12:02:26.000,2016-03-16 11:57:11.000,Hunt: Yes; prey_p_month: 5,7 years,Spayed,f,collar,@Trip PC,removal,MilliGal,3-min fixes,hrs_indoors: 15; inside_overnight: yes,manipulated other,New Zealand,"Mobile Action Technology, Inc.",119.0,i-GotU,tag retreival
CocoNelsonTag,CocoNelson,Felis catus,2016-03-19 01:00:51.000,2016-03-25 12:58:44.000,Hunt: ; prey_p_month:,,, ,collar,@Trip PC,removal,CocoNelson,3-min fixes,hrs_indoors: ; inside_overnight:,manipulated other,New Zealand,"Mobile Action Technology, Inc.",119.0,i-GotU,tag retreival
PearlyNelsonTag,PearlyNelson,Felis catus,2016-03-19 01:02:56.000,2016-03-26 11:59:03.000,Hunt: ; prey_p_month:,,, ,collar,@Trip PC,removal,PearlyNelson,3-min fixes,hrs_indoors: ; inside_overnight:,manipulated other,New Zealand,"Mobile Action Technology, Inc.",119.0,i-GotU,tag retreival
BlueNelsonTag,BlueNelson,Felis catus,2016-03-19 01:04:28.000,2016-03-26 11:59:11.000,Hunt: ; prey_p_month:,,,m,collar,@Trip PC,removal,BlueNelson,3-min fixes,hrs_indoors: ; inside_overnight:,manipulated other,New Zealand,"Mobile Action Technology, Inc.",119.0,i-GotU,tag retreival
TigerNelsonTag,TigerNelson,Felis catus,2016-03-19 01:05:55.000,2016-03-26 11:58:15.000,Hunt: ; prey_p_month:,,, ,collar,@Trip PC,removal,TigerNelson,3-min fixes,hrs_indoors: ; inside_overnight:,manipulated other,New Zealand,"Mobile Action Technology, Inc.",119.0,i-GotU,tag retreival
FrostyNelsonTag,FrostyNelson,Felis catus,2016-03-19 01:18:50.000,2016-03-25 19:16:16.000,Hunt: ; prey_p_month:,,, ,collar,@Trip PC,removal,FrostyNelson,3-min fixes,hrs_indoors: ; inside_overnight:,manipulated other,New Zealand,"Mobile Action Technology, Inc.",119.0,i-GotU,tag retreival
WillabelleNelsonTag,WillabelleNelson,Felis catus,2016-03-19 01:18:56.000,2016-03-25 21:21:09.000,Hunt: ; prey_p_month:,,, ,collar,@Trip PC,removal,WillabelleNelson,3-min fixes,hrs_indoors: ; inside_overnight:,manipulated other,New Zealand,"Mobile Action Technology, Inc.",119.0,i-GotU,tag retreival
RedNelsonTag,RedNelson,Felis catus,2016-03-19 01:44:21.000,2016-03-24 11:59:58.000,Hunt: ; prey_p_month:,,, ,collar,@Trip PC,removal,RedNelson,3-min fixes,hrs_indoors: ; inside_overnight:,manipulated other,New Zealand,"Mobile Action Technology, Inc.",119.0,i-GotU,tag retreival
PussNelsonTag,PussNelson,Felis catus,2016-04-13 01:00:36.000,2016-04-20 22:04:22.000,Hunt: ; prey_p_month:,,, ,collar,@Trip PC,removal,PussNelson,3-min fixes,hrs_indoors: ; inside_overnight:,manipulated other,New Zealand,"Mobile Action Technology, Inc.",119.0,i-GotU,tag retreival
JackNelsonTag,JackNelson,Felis catus,2016-04-13 01:02:04.000,2016-04-20 22:21:29.000,Hunt: ; prey_p_month:,,,m,collar,@Trip PC,removal,JackNelson,3-min fixes,hrs_indoors: ; inside_overnight:,manipulated other,New Zealand,"Mobile Action Technology, Inc.",119.0,i-GotU,tag retreival
GizmoNelsonTag,GizmoNelson,Felis catus,2016-04-13 01:02:51.000,2016-04-20 14:29:05.000,Hunt: ; prey_p_month:,,, ,collar,@Trip PC,removal,GizmoNelson,3-min fixes,hrs_indoors: ; inside_overnight:,manipulated other,New Zealand,"Mobile Action Technology, Inc.",119.0,i-GotU,tag retreival
InkyNelsonTag,InkyNelson,Felis catus,2016-04-13 01:03:20.000,2016-04-21 02:21:33.000,Hunt: ; prey_p_month:,,, ,collar,@Trip PC,removal,InkyNelson,3-min fixes,hrs_indoors: ; inside_overnight:,manipulated other,New Zealand,"Mobile Action Technology, Inc.",119.0,i-GotU,tag retreival
GusNelsonTag,GusNelson,Felis catus,2016-04-13 01:18:28.000,2016-04-15 09:30:01.000,Hunt: ; prey_p_month:,,,m,collar,@Trip PC,removal,GusNelson,3-min fixes,hrs_indoors: ; inside_overnight:,manipulated other,New Zealand,"Mobile Action Technology, Inc.",119.0,i-GotU,tag retreival
